setting,O1,O10,O1 Central Wavelength,O2 Central Wavelength,O3 Central Wavelength,O4 Central Wavelength,O5 Central Wavelength,O6 Central Wavelength,O7 Central Wavelength,O8 Central Wavelength,O9 Central Wavelength,O10 Central Wavelength,O1 Central Y Det1,O2 Central Y Det1,O3 Central Y Det1,O4 Central Y Det1,O5 Central Y Det1,O6 Central Y Det1,O7 Central Y Det1,O8 Central Y Det1,O9 Central Y Det1,O10 Central Y Det1,O1 Central Y Det2,O2 Central Y Det2,O3 Central Y Det2,O4 Central Y Det2,O5 Central Y Det2,O6 Central Y Det2,O7 Central Y Det2,O8 Central Y Det2,O9 Central Y Det2,O10 Central Y Det2,O1 Central Y Det3,O2 Central Y Det3,O3 Central Y Det3,O4 Central Y Det3,O5 Central Y Det3,O6 Central Y Det3,O7 Central Y Det3,O8 Central Y Det3,O9 Central Y Det3,O10 Central Y Det3,O1 Blaze Wavelength,O2 Blaze Wavelength,O3 Blaze Wavelength,O4 Blaze Wavelength,O5 Blaze Wavelength,O6 Blaze Wavelength,O7 Blaze Wavelength,O8 Blaze Wavelength,O9 Blaze Wavelength,O10 Blaze Wavelength,O1 FSR min,O2 FSR min,O3 FSR min,O4 FSR min,O5 FSR min,O6 FSR min,O7 FSR min,O8 FSR min,O9 FSR min,O10 FSR min,O1 FSR max,O2 FSR max,O3 FSR max,O4 FSR max,O5 FSR max,O6 FSR max,O7 FSR max,O8 FSR max,O9 FSR max,O10 FSR max,O1 BEG DET1,O2 BEG DET1,O3 BEG DET1,O4 BEG DET1,O5 BEG DET1,O6 BEG DET1,O7 BEG DET1,O8 BEG DET1,O9 BEG DET1,O10 BEG DET1,O1 END DET1,O2 END DET1,O3 END DET1,O4 END DET1,O5 END DET1,O6 END DET1,O7 END DET1,O8 END DET1,O9 END DET1,O10 END DET1,O1 BEG DET2,O2 BEG DET2,O3 BEG DET2,O4 BEG DET2,O5 BEG DET2,O6 BEG DET2,O7 BEG DET2,O8 BEG DET2,O9 BEG DET2,O10 BEG DET2,O1 END DET2,O2 END DET2,O3 END DET2,O4 END DET2,O5 END DET2,O6 END DET2,O7 END DET2,O8 END DET2,O9 END DET2,O10 END DET2,O1 BEG DET3,O2 BEG DET3,O3 BEG DET3,O4 BEG DET3,O5 BEG DET3,O6 BEG DET3,O7 BEG DET3,O8 BEG DET3,O9 BEG DET3,O10 BEG DET3,O1 END DET3,O2 END DET3,O3 END DET3,O4 END DET3,O5 END DET3,O6 END DET3,O7 END DET3,O8 END DET3,O9 END DET3
INS.WLEN.ID,,,INS.WLEN.CWLEN1,INS.WLEN.CWLEN2,INS.WLEN.CWLEN3,INS.WLEN.CWLEN4,INS.WLEN.CWLEN5,INS.WLEN.CWLEN6,INS.WLEN.CWLEN7,INS.WLEN.CWLEN8,INS.WLEN.CWLEN9,INS.WLEN.CWLEN10,1:INS.WLEN.CENY1,1:INS.WLEN.CENY2,1:INS.WLEN.CENY3,1:INS.WLEN.CENY4,1:INS.WLEN.CENY5,1:INS.WLEN.CENY6,1:INS.WLEN.CENY7,1:INS.WLEN.CENY8,1:INS.WLEN.CENY9,1:INS.WLEN.CENY10,2:INS.WLEN.CENY1,2:INS.WLEN.CENY2,2:INS.WLEN.CENY3,2:INS.WLEN.CENY4,2:INS.WLEN.CENY5,2:INS.WLEN.CENY6,2:INS.WLEN.CENY7,2:INS.WLEN.CENY8,2:INS.WLEN.CENY9,2:INS.WLEN.CENY10,3:INS.WLEN.CENY1,3:INS.WLEN.CENY2,3:INS.WLEN.CENY3,3:INS.WLEN.CENY4,3:INS.WLEN.CENY5,3:INS.WLEN.CENY6,3:INS.WLEN.CENY7,3:INS.WLEN.CENY8,3:INS.WLEN.CENY9,3:INS.WLEN.CENY10,,,,,,,,,,,INS.WLEN.MIN1,INS.WLEN.MIN2,INS.WLEN.MIN3,INS.WLEN.MIN4,INS.WLEN.MIN5,INS.WLEN.MIN6,INS.WLEN.MIN7,INS.WLEN.MIN8,INS.WLEN.MIN9,INS.WLEN.MIN10,INS.WLEN.MAX1,INS.WLEN.MAX2,INS.WLEN.MAX3,INS.WLEN.MAX4,INS.WLEN.MAX5,INS.WLEN.MAX6,INS.WLEN.MAX7,INS.WLEN.MAX8,INS.WLEN.MAX9,INS.WLEN.MAX10,1:INS.WLEN.BEGIN1,1:INS.WLEN.BEGIN2,1:INS.WLEN.BEGIN3,1:INS.WLEN.BEGIN4,1:INS.WLEN.BEGIN5,1:INS.WLEN.BEGIN6,1:INS.WLEN.BEGIN7,1:INS.WLEN.BEGIN8,1:INS.WLEN.BEGIN9,1:INS.WLEN.BEGIN10,1:INS.WLEN.END1,1:INS.WLEN.END2,1:INS.WLEN.END3,1:INS.WLEN.END4,1:INS.WLEN.END5,1:INS.WLEN.END6,1:INS.WLEN.END7,1:INS.WLEN.END8,1:INS.WLEN.END9,1:INS.WLEN.END10,2:INS.WLEN.BEGIN1,2:INS.WLEN.BEGIN2,2:INS.WLEN.BEGIN3,2:INS.WLEN.BEGIN4,2:INS.WLEN.BEGIN5,2:INS.WLEN.BEGIN6,2:INS.WLEN.BEGIN7,2:INS.WLEN.BEGIN8,2:INS.WLEN.BEGIN9,2:INS.WLEN.BEGIN10,2:INS.WLEN.END1,2:INS.WLEN.END2,2:INS.WLEN.END3,2:INS.WLEN.END4,2:INS.WLEN.END5,2:INS.WLEN.END6,2:INS.WLEN.END7,2:INS.WLEN.END8,2:INS.WLEN.END9,2:INS.WLEN.END10,3:INS.WLEN.BEGIN1,3:INS.WLEN.BEGIN2,3:INS.WLEN.BEGIN3,3:INS.WLEN.BEGIN4,3:INS.WLEN.BEGIN5,3:INS.WLEN.BEGIN6,3:INS.WLEN.BEGIN7,3:INS.WLEN.BEGIN8,3:INS.WLEN.BEGIN9,3:INS.WLEN.BEGIN10,3:INS.WLEN.END1,3:INS.WLEN.END2,3:INS.WLEN.END3,3:INS.WLEN.END4,3:INS.WLEN.END5,3:INS.WLEN.END6,3:INS.WLEN.END7,3:INS.WLEN.END8,3:INS.WLEN.END9
Y/1/2,51,60,1110.041,1088.694,1068.152,1048.372,1029.310,1010.930,993.194,976.070,959.527,-1.000,284.4,528.1,761.4,985.2,1200.1,1405.7,1603.9,1795.8,1990.0,-100.1,248.9,494.4,729.9,955.5,1171.9,1379.6,1578.6,1772.0,1980.0,-100.1,214.3,462.9,700.5,927.8,1146.1,1356.2,1557.5,1751.3,1945.0,-100.1,1109.171,1087.841,1067.315,1047.550,1028.504,1010.138,992.416,975.305,958.775,942.795,1099.178,1078.214,1058.034,1038.597,1019.861,1001.790,984.348,967.503,951.225,935.487,1119.347,1097.641,1076.761,1056.659,1037.295,1018.626,1000.618,983.235,966.445,950.219,1098.361,1077.301,1057.026,1037.491,1018.659,1000.492,982.956,966.019,949.651,933.504,1105.775,1084.572,1064.159,1044.492,1025.532,1007.241,989.586,972.534,956.055,939.807,1106.275,1085.064,1064.643,1044.968,1026.001,1007.703,990.040,972.981,956.495,940.241,1113.337,1091.990,1071.437,1051.636,1032.546,1014.131,996.355,979.186,962.595,946.215,1113.825,1092.471,1071.911,1052.102,1033.005,1014.583,996.799,979.624,963.025,946.668,1120.529,1099.046,1078.361,1058.432,1039.219,1020.685,1002.794,985.514,968.815
Y/2/2,51,60,1108.231,1086.919,1066.411,1046.662,1027.632,1009.282,991.575,974.479,957.962,-1.000,306.5,549.7,782.5,1005.7,1220.2,1425.3,1623.3,1814.8,2010.0,-100.1,270.6,515.6,750.5,975.7,1191.7,1398.8,1597.6,1790.6,2000.0,-100.1,235.6,483.6,720.8,947.6,1165.5,1375.2,1576.0,1769.6,1965.0,-100.1,1108.214,1086.903,1066.395,1046.647,1027.617,1009.267,991.560,974.464,957.948,941.982,1098.230,1077.284,1057.122,1037.701,1018.982,1000.926,983.499,966.669,950.405,934.680,1118.381,1096.694,1075.832,1055.748,1036.400,1017.748,999.755,982.387,965.612,949.399,1096.487,1075.463,1055.221,1035.720,1016.919,998.782,981.276,964.367,948.027,931.907,1103.946,1082.777,1062.397,1042.762,1023.833,1005.572,987.946,970.921,954.469,938.247,1104.448,1083.272,1062.884,1043.241,1024.304,1006.036,988.402,971.371,954.912,938.683,1111.555,1090.242,1069.721,1049.951,1030.892,1012.505,994.757,977.616,961.050,944.725,1112.047,1090.726,1070.198,1050.421,1031.353,1012.960,995.205,978.056,961.483,945.151,1118.796,1097.345,1076.692,1056.793,1037.609,1019.103,1001.239,983.986,967.312
J/1/3,42,51,-1.000,1318.478,1288.512,1259.879,1232.490,1206.267,1181.136,1157.031,1133.891,-1.000,73.5,340.6,596.0,838.8,1069.6,1293.7,1494.8,1697.1,1889.2,-100.1,45.9,316.4,572.5,816.2,1048.1,1269.2,1479.3,1682.4,1876.6,-100.1,19.9,293.2,551.5,797.4,1031.1,1254.3,1466.8,1670.6,1866.3,-100.1,1347.889,1316.542,1286.621,1258.029,1230.681,1204.496,1179.403,1155.333,1132.226,1110.026,1333.395,1302.684,1273.357,1245.322,1218.496,1192.802,1168.170,1144.536,1121.839,1100.026,1362.701,1330.699,1300.164,1270.999,1243.112,1216.422,1190.853,1166.336,1142.808,1120.210,1335.687,1304.718,1275.140,1246.863,1219.802,1193.884,1169.035,1145.193,1122.298,1099.920,1344.642,1313.464,1283.687,1255.219,1227.976,1201.883,1176.866,1152.864,1129.815,1107.296,1345.247,1314.057,1284.268,1255.788,1228.534,1202.429,1177.403,1153.390,1130.331,1107.803,1353.774,1322.385,1292.406,1263.744,1236.316,1210.045,1184.859,1160.694,1137.488,1114.825,1354.366,1322.966,1292.975,1264.302,1236.863,1210.581,1185.384,1161.209,1137.993,1115.321,1362.458,1330.868,1300.697,1271.851,1244.248,1217.808,1192.460,1168.139,1144.783
J/2/3,42,51,-1.000,1314.196,1284.328,1255.787,1228.488,1202.350,1177.301,1153.274,1130.209,-1.000,112.9,378.6,632.8,872.7,1100.5,1317.8,1531.7,1732.5,1921.5,-100.1,85.1,353.9,609.2,852.0,1082.7,1303.0,1512.3,1714.9,1907.9,-100.1,58.2,330.2,587.4,832.2,1065.2,1287.5,1499.2,1702.4,1897.0,-100.1,1345.571,1314.279,1284.409,1255.867,1228.565,1202.426,1177.375,1153.347,1130.280,1108.118,1331.103,1300.445,1271.168,1243.181,1216.401,1190.751,1166.162,1142.568,1119.910,1098.135,1360.358,1328.411,1297.929,1268.814,1240.975,1214.331,1188.806,1164.331,1140.843,1118.284,1331.149,1300.283,1270.804,1242.621,1215.651,1189.819,1165.055,1141.294,1118.476,1096.171,1340.211,1309.134,1279.453,1251.077,1223.923,1197.914,1172.981,1149.057,1126.083,1103.635,1340.824,1309.735,1280.042,1251.654,1224.488,1198.468,1173.524,1149.589,1126.606,1104.148,1349.460,1318.169,1288.283,1259.712,1232.370,1206.181,1181.075,1156.986,1133.853,1111.260,1350.059,1318.757,1288.859,1260.276,1232.924,1206.724,1181.607,1157.507,1134.365,1111.762,1358.261,1326.767,1296.687,1267.929,1240.409,1214.049,1188.779,1164.532,1141.248
J/3/3,42,51,1343.272,1312.034,1282.215,1253.721,1226.466,1200.371,1175.363,1151.376,1128.349,-1.000,133.3,399.3,652.0,891.8,1120.4,1322.8,1532.1,1745.5,1935.0,-100.1,105.1,373.3,627.9,870.4,1100.7,1320.5,1529.3,1731.8,1924.1,-100.1,78.0,349.0,605.8,850.1,1082.6,1304.6,1515.8,1718.8,1912.8,-100.1,1344.402,1313.137,1283.293,1254.775,1227.497,1201.380,1176.352,1152.344,1129.298,1107.154,1329.946,1299.314,1270.063,1242.101,1215.344,1189.716,1165.148,1141.575,1118.937,1097.180,1359.175,1327.256,1296.801,1267.711,1239.896,1213.275,1187.772,1163.319,1139.852,1117.312,1328.858,1298.044,1268.615,1240.480,1213.556,1187.766,1163.044,1139.325,1116.546,1094.278,1337.974,1306.947,1277.315,1248.986,1221.877,1195.909,1171.017,1147.134,1124.198,1101.786,1338.590,1307.552,1277.907,1249.566,1222.445,1196.468,1171.564,1147.670,1124.724,1102.302,1347.280,1316.038,1286.200,1257.674,1230.376,1204.230,1179.163,1155.113,1132.017,1109.459,1347.884,1316.630,1286.780,1258.243,1230.934,1204.776,1179.699,1155.638,1132.532,1109.964,1356.140,1324.694,1294.660,1265.946,1238.469,1212.150,1186.919,1162.709,1139.461
H/1/4,32,41,1780.132,1726.188,1675.418,1627.549,1582.339,1539.573,1499.058,1460.621,-1.000,-1.000,248.1,538.2,810.0,1064.5,1304.7,1529.7,1744.5,1950.0,-100.1,-100.1,236.1,528.3,802.3,1059.2,1300.5,1527.2,1743.2,1950.0,-100.1,-100.1,224.9,519.7,795.9,1054.6,1298.3,1527.6,1743.9,1950.0,-100.1,-100.1,1773.564,1719.819,1669.236,1621.544,1576.501,1533.893,1493.527,1455.232,1418.851,1384.245,1749.268,1696.888,1647.558,1601.018,1557.038,1515.412,1475.956,1438.505,1402.909,1369.033,1798.543,1743.379,1691.493,1642.603,1596.457,1552.830,1511.522,1472.352,1435.160,1399.798,1761.933,1708.660,1658.495,1611.176,1566.469,1524.164,1484.075,1446.032,1409.407,1375.031,1773.476,1719.852,1669.357,1621.726,1576.725,1534.142,1493.789,1455.495,1418.642,1384.041,1774.263,1720.617,1670.100,1622.450,1577.429,1534.827,1494.456,1456.145,1419.276,1384.660,1785.241,1731.260,1680.430,1632.482,1587.181,1544.315,1503.693,1465.145,1428.059,1393.229,1786.010,1732.008,1681.156,1633.189,1587.869,1544.984,1504.345,1465.779,1428.679,1393.833,1796.413,1742.094,1690.945,1642.697,1597.111,1553.976,1513.098,1474.307,1437.002
H/2/4,32,41,1771.647,1717.961,1667.433,1619.792,1574.798,1532.236,1491.914,1453.659,-1.000,-1.000,296.7,585.3,855.4,1108.7,1347.2,1571.2,1784.8,1990.0,-100.1,-100.1,284.0,574.5,846.9,1102.1,1342.5,1567.6,1782.8,1990.0,-100.1,-100.1,271.7,564.8,839.4,1096.7,1339.3,1567.0,1782.6,1990.0,-100.1,-100.1,1769.074,1715.465,1665.010,1617.439,1572.510,1530.010,1489.746,1451.548,1415.259,1380.740,1744.840,1692.592,1643.387,1596.965,1553.096,1511.576,1472.220,1434.863,1399.357,1365.567,1793.990,1738.965,1687.211,1638.444,1592.415,1548.899,1507.695,1468.625,1431.526,1396.254,1753.136,1700.125,1650.208,1603.124,1558.638,1516.543,1476.653,1438.799,1402.351,1368.147,1764.890,1711.523,1661.270,1613.868,1569.082,1526.704,1486.545,1448.436,1411.756,1377.323,1765.693,1712.302,1662.027,1614.604,1569.799,1527.402,1487.225,1449.099,1412.402,1377.953,1776.885,1723.154,1672.559,1624.834,1579.743,1537.076,1496.643,1458.274,1421.357,1386.690,1777.669,1723.916,1673.300,1625.554,1580.445,1537.759,1497.308,1458.922,1421.989,1387.307,1788.290,1734.214,1683.293,1635.261,1589.880,1546.938,1506.245,1467.628,1430.487
H/3/4,32,41,1762.987,1709.563,1659.282,1611.874,1567.099,1524.745,1484.621,1446.553,-1.000,-1.000,346.8,633.7,902.1,1154.1,1390.9,1613.9,1826.3,2030.0,-100.1,-100.1,333.0,622.1,892.9,1146.5,1385.2,1609.5,1823.5,2030.0,-100.1,-100.1,320.1,611.3,884.3,1140.5,1381.5,1608.1,1822.9,2030.0,-100.1,-100.1,1764.497,1711.027,1660.703,1613.254,1568.441,1526.051,1485.892,1447.792,1411.597,1377.168,1740.325,1688.213,1639.135,1592.833,1549.078,1507.665,1468.411,1431.151,1395.737,1362.034,1789.349,1734.466,1682.845,1634.205,1588.295,1544.891,1503.794,1464.825,1427.823,1392.642,1744.164,1691.422,1641.758,1594.912,1550.652,1508.771,1469.084,1431.423,1395.156,1361.128,1756.129,1703.023,1653.017,1605.848,1561.284,1519.114,1479.154,1441.233,1404.729,1370.468,1756.946,1703.817,1653.789,1606.599,1562.014,1519.825,1479.846,1441.908,1405.388,1371.110,1768.352,1714.876,1664.521,1617.023,1572.148,1529.684,1489.444,1451.259,1414.514,1380.013,1769.152,1715.653,1665.277,1617.758,1572.863,1530.380,1490.122,1451.919,1415.158,1380.642,1779.989,1726.161,1675.474,1627.663,1582.491,1539.747,1499.241,1460.803,1423.829
H/4/4,32,41,1754.151,1700.995,1650.966,1603.795,1559.245,1517.104,1477.180,1439.303,-1.000,-1.000,397.3,682.7,949.3,1200.1,1435.2,1657.5,1868.9,2070.0,-100.1,-100.1,382.6,670.0,939.3,1191.4,1428.7,1651.8,1865.0,2070.0,-100.1,-100.1,368.7,658.5,929.7,1184.4,1424.1,1649.7,1863.3,2070.0,-100.1,-100.1,1759.833,1706.505,1656.314,1608.990,1564.296,1522.018,1481.965,1443.966,1407.867,1373.528,1735.726,1683.751,1634.803,1588.623,1544.984,1503.680,1464.530,1427.368,1392.048,1358.435,1784.620,1729.882,1678.398,1629.886,1584.097,1540.808,1499.820,1460.954,1424.049,1388.961,1735.018,1682.549,1633.143,1586.541,1542.512,1500.849,1461.369,1423.904,1387.822,1353.972,1747.193,1694.354,1644.600,1597.669,1553.329,1511.374,1471.615,1433.886,1397.563,1363.476,1748.025,1695.162,1645.385,1598.433,1554.073,1512.097,1472.320,1434.573,1398.233,1364.130,1759.643,1706.427,1656.318,1609.052,1564.396,1522.140,1482.097,1444.098,1407.530,1373.200,1760.458,1707.220,1657.088,1609.801,1565.124,1522.849,1482.788,1444.772,1408.187,1373.841,1771.511,1717.936,1667.488,1619.903,1574.944,1532.403,1492.089,1453.833,1417.030
K/1/4,22,31,-1.000,2488.038,2384.370,2288.995,2200.957,2119.440,2043.746,1973.272,-1.000,-1.000,-100.1,77.9,441.9,774.3,1079.9,1361.4,1621.8,1864.8,-100.1,-100.1,-100.1,73.2,439.8,774.2,1082.4,1365.7,1627.6,1872.2,-100.1,-100.1,-100.1,68.4,438.4,775.5,1085.5,1371.4,1635.5,1881.2,-100.1,-100.1,2586.009,2473.573,2370.508,2275.688,2188.161,2107.118,2031.864,1961.800,1896.406,1835.232,2537.216,2428.599,2328.920,2237.117,2152.290,2073.672,2000.604,1932.519,1868.922,1809.384,2636.715,2520.245,2413.608,2315.612,2225.249,2141.661,2064.116,1991.981,1924.711,1861.829,2574.887,2463.065,2360.658,2266.388,2179.327,2098.682,2023.772,1954.009,1888.251,1827.339,2591.375,2478.835,2375.769,2280.892,2193.271,2112.108,2036.717,1966.506,1900.342,1839.040,2592.507,2479.914,2376.805,2281.888,2194.229,2113.031,2037.607,1967.364,1901.172,1839.843,2608.167,2494.893,2391.157,2295.664,2207.474,2125.783,2049.902,1979.233,1912.656,1850.958,2609.271,2495.946,2392.168,2296.636,2208.409,2126.683,2050.769,1980.070,1913.466,1851.741,2624.093,2510.122,2405.752,2309.674,2220.943,2138.751,2062.404,1991.302,1924.335
K/2/4,22,31,-1.000,2468.631,2365.771,2271.140,2183.789,2102.907,2027.804,1957.879,-1.000,-1.000,-100.1,152.0,512.7,841.5,1144.8,1423.5,1682.2,1922.8,-100.1,-100.1,-100.1,145.6,508.6,840.4,1145.9,1426.4,1686.6,1928.8,-100.1,-100.1,-100.1,139.6,505.8,840.0,1147.5,1431.1,1692.8,1940.0,-100.1,-100.1,2575.261,2463.293,2360.656,2266.229,2179.067,2098.361,2023.419,1953.646,1888.524,1827.604,2526.671,2418.506,2319.241,2227.819,2143.344,2065.053,1992.290,1924.487,1861.155,1801.863,2625.756,2509.770,2403.577,2305.988,2216.000,2132.760,2055.537,1983.702,1916.711,1854.091,2553.781,2442.928,2341.349,2247.844,2161.490,2081.501,2007.201,1938.007,1872.773,1812.361,2570.785,2459.191,2356.933,2262.802,2175.871,2095.348,2020.551,1950.895,1885.242,1824.428,2571.953,2460.304,2358.001,2263.829,2176.859,2096.299,2021.469,1951.780,1886.099,1825.257,2588.137,2475.782,2372.833,2278.065,2190.546,2109.477,2034.175,1964.046,1897.967,1836.742,2589.279,2476.871,2373.878,2279.070,2191.513,2110.408,2035.072,1964.912,1898.804,1837.553,2604.630,2491.553,2387.947,2292.574,2204.495,2122.908,2047.123,1976.546,1910.062
K/3/4,22,31,-1.000,2448.540,2346.518,2252.657,2166.016,2085.794,2011.301,1941.946,-1.000,-1.000,-100.1,228.7,585.4,911.0,1211.5,1487.0,1744.0,1980.0,-100.1,-100.1,-100.1,220.4,580.2,908.1,1211.2,1488.6,1747.1,1985.0,-100.1,-100.1,-100.1,212.7,575.6,906.4,1212.0,1492.4,1752.0,2000.0,-100.1,-100.1,2564.161,2452.676,2350.481,2256.462,2169.675,2089.316,2014.698,1945.225,1880.385,1819.727,2515.780,2408.082,2309.244,2218.216,2134.106,2056.153,1983.702,1916.192,1853.133,1794.097,2614.439,2498.953,2393.217,2296.049,2206.449,2123.567,2046.677,1975.152,1908.450,1846.100,2531.969,2422.115,2321.393,2228.678,2143.056,2063.745,1990.075,1921.468,1856.777,1796.881,2549.484,2438.866,2337.445,2244.086,2157.869,2078.007,2003.827,1934.744,1869.622,1809.311,2550.688,2440.013,2338.546,2245.144,2158.887,2078.988,2004.773,1935.657,1870.505,1810.166,2567.391,2455.987,2353.853,2259.837,2173.013,2092.589,2017.886,1948.316,1882.753,1822.019,2568.571,2457.111,2354.932,2260.874,2174.011,2093.550,2018.812,1949.210,1883.618,1822.857,2584.447,2472.296,2369.482,2274.840,2187.437,2106.477,2031.276,1961.242,1895.261
K/4/4,22,31,-1.000,2427.773,2326.616,2233.552,2147.646,2068.103,1994.243,1925.476,-1.000,-1.000,-100.1,288.0,647.5,975.0,1278.0,1555.8,1813.4,2040.0,-100.1,-100.1,-100.1,297.5,653.4,978.3,1278.3,1552.9,1809.5,2040.0,-100.1,-100.1,-100.1,288.0,647.5,975.0,1278.0,1555.8,1813.4,2060.0,-100.1,-100.1,2552.712,2441.725,2339.986,2246.387,2159.987,2079.988,2005.703,1936.540,1871.989,1811.602,2504.548,2397.330,2298.934,2208.313,2124.578,2046.972,1974.846,1907.637,1844.859,1786.087,2602.766,2487.795,2382.532,2285.797,2196.597,2114.086,2037.539,1966.333,1899.929,1837.857,2509.458,2400.620,2300.790,2208.894,2124.028,2045.418,1972.400,1904.398,1840.269,1780.905,2527.479,2417.856,2317.305,2224.747,2139.269,2060.093,1986.549,1918.058,1853.484,1793.694,2528.719,2419.048,2318.445,2225.839,2140.318,2061.102,1987.522,1918.998,1854.394,1794.575,2545.935,2435.514,2334.222,2240.983,2154.878,2075.121,2001.038,1932.047,1867.019,1806.793,2547.153,2436.672,2335.335,2242.053,2155.908,2076.113,2001.995,1932.969,1867.912,1807.657,2563.550,2452.355,2350.362,2256.477,2169.775,2089.465,2014.868,1945.397,1879.937
L/1/7,13,22,-1.000,4160.011,3882.677,3640.009,3425.891,3235.564,3065.271,2912.007,-1.000,-1.000,-100.1,144.7,512.7,834.3,1117.6,1369.3,1594.7,1791.6,-100.1,-100.1,-100.1,164.3,534.6,857.9,1142.8,1395.9,1622.4,1700.1,1826.8,-100.1,-100.1,183.3,556.0,881.4,1168.2,1422.9,1651.3,1856.0,100.1,-100.1,4417.874,4102.311,3828.824,3589.522,3378.374,3190.687,3022.756,2871.618,2734.874,2610.562,4291.649,3991.438,3730.649,3501.973,3299.807,3119.782,2958.442,2813.013,2681.249,2561.306,4551.749,4219.520,3932.306,3681.561,3460.773,3264.889,3089.928,2932.716,2790.688,2661.749,4438.993,4122.208,3847.734,3607.472,3395.411,3206.866,3038.136,2886.255,2747.948,2623.042,4464.750,4146.123,3870.051,3628.391,3415.096,3225.455,3055.744,2902.981,2763.893,2638.261,4466.513,4147.781,3871.596,3629.837,3416.454,3226.735,3056.954,2904.117,2765.837,2639.303,4490.843,4170.370,3892.676,3649.596,3435.048,3244.293,3073.585,2919.916,2780.882,2653.680,4492.552,4171.978,3894.174,3650.998,3436.364,3245.533,3074.758,2921.038,2781.259,2654.690,4515.435,4193.223,3913.999,3669.580,3453.851,3262.046,3090.399,2935.895,2795.423
L/2/7,13,22,-1.000,4142.667,3866.490,3624.834,3411.608,3222.075,3052.492,2899.867,-1.000,-1.000,-100.1,170.5,537.0,857.2,1139.3,1389.9,1614.5,1836.1,-100.1,-100.1,-100.1,189.6,558.3,880.3,1164.0,1416.1,1641.9,1850.9,-100.1,-100.1,-100.1,208.0,579.2,903.3,1200.0,1442.6,1669.7,1874.6,-100.1,-100.1,4407.911,4093.060,3820.189,3581.428,3370.755,3183.491,3015.939,2865.142,2728.707,2604.675,4281.971,3982.437,3722.236,3494.076,3292.366,3112.747,2951.770,2806.670,2675.203,2555.530,4541.484,4210.005,3923.438,3673.259,3452.969,3257.526,3082.960,2926.103,2784.395,2655.747,4419.469,4104.107,3830.834,3591.625,3380.493,3192.775,3024.785,2873.573,2735.862,2611.504,4445.761,4128.519,3853.615,3612.979,3400.587,3211.751,3042.760,2890.647,2752.138,2627.041,4447.562,4130.211,3855.192,3614.455,3401.974,3213.057,3043.995,2891.818,2753.253,2628.105,4472.434,4153.304,3876.742,3634.654,3420.982,3231.007,3060.998,2907.968,2768.649,2642.802,4474.183,4154.947,3878.274,3636.088,3422.333,3232.276,3062.197,2909.105,2769.732,2643.835,4497.614,4176.702,3898.574,3655.116,3440.239,3249.184,3078.213,2924.318,2784.237
L/3/7,13,22,-1.000,4100.600,3827.227,3588.025,3376.965,3189.356,3021.495,2870.420,-1.000,-1.000,-100.1,233.8,596.4,913.0,1192.0,1440.1,1662.8,1954.8,-100.1,-100.1,-100.1,251.4,616.4,935.0,1215.7,1465.2,1689.4,1944.2,-100.1,-100.1,-100.1,268.5,636.0,956.9,1239.5,1490.6,1715.5,1939.9,-100.1,-100.1,4383.813,4070.684,3799.305,3561.848,3352.328,3166.087,2999.451,2849.479,2713.789,2590.435,4258.562,3960.665,3701.887,3474.974,3274.367,3095.730,2935.633,2791.326,2660.578,2541.559,4516.656,4186.989,3901.989,3653.178,3434.092,3239.717,3066.106,2910.106,2769.173,2641.228,4372.205,4060.288,3789.923,3553.261,3344.379,3158.663,2992.466,2842.872,2706.603,2583.576,4399.736,4085.850,3813.777,3575.622,3365.421,3178.534,3011.288,2860.751,2723.646,2599.844,4401.625,4087.622,3815.429,3577.168,3366.874,3179.904,3012.584,2861.977,2724.816,2600.960,4427.753,4111.880,3838.066,3598.387,3386.842,3198.760,3030.445,2878.942,2740.990,2616.399,4429.594,4113.606,3839.676,3599.894,3388.258,3200.094,3031.707,2880.138,2742.129,2617.487,4454.295,4136.540,3861.077,3619.954,3407.136,3217.920,3048.592,2896.176,2757.421
L/4/7,13,22,-1.000,4056.312,3785.891,3549.273,3340.492,3154.909,2988.862,2839.419,-1.000,-1.000,-100.1,299.6,658.0,971.1,1246.9,1492.2,1713.5,2018.4,-100.1,-100.1,16.4,315.9,676.8,991.8,1269.5,1516.2,1737.8,-100.1,-100.1,-100.1,25.5,331.8,695.2,1012.6,1292.2,1540.8,1763.8,-100.1,-100.1,-100.1,4358.535,4047.211,3777.397,3541.310,3332.997,3147.831,2982.156,2833.048,2698.141,2575.498,4234.005,3937.827,3680.541,3454.936,3255.486,3077.879,2918.705,2775.230,2645.236,2526.904,4490.612,4162.846,3879.489,3632.113,3414.290,3221.036,3048.426,2893.325,2753.205,2625.998,4322.573,4014.270,3746.959,3512.973,3306.454,3122.841,2958.526,2810.627,2675.878,2554.247,4351.329,4040.969,3771.875,3536.328,3328.433,3143.596,2978.186,2829.301,2693.680,2571.240,4353.456,4042.820,3773.600,3537.944,3329.952,3145.028,2979.541,2829.648,2694.903,2572.407,4380.823,4068.230,3797.313,3560.171,3350.869,3164.780,2998.251,2847.438,2711.845,2588.580,4382.766,4070.039,3798.397,3561.284,3352.059,3166.001,2999.474,2849.562,2713.041,2589.721,4408.724,4094.140,3820.894,3582.372,3371.903,3184.740,3017.224,2866.422,2729.111
L/5/7,13,22,-1.000,4009.827,3742.505,3508.599,3302.210,3118.754,2954.609,2806.879,-1.000,-1.000,43.9,367.7,721.8,1030.9,1303.6,1546.0,1763.7,-100.1,-100.1,-100.1,50.9,382.7,739.3,1050.6,1325.0,1569.0,1789.3,-100.1,-100.1,-100.1,67.0,397.3,756.5,1070.2,1346.7,1592.6,1814.0,-100.1,-100.1,-100.1,4332.090,4022.655,3754.478,3519.823,3312.774,3128.731,2964.061,2815.858,2681.770,2559.871,4208.316,3913.934,3658.209,3433.973,3235.733,3059.204,2900.996,2758.392,2629.186,2511.572,4463.365,4137.588,3855.950,3610.075,3393.574,3201.493,3029.929,2875.770,2736.500,2610.065,4270.786,3966.079,3701.966,3470.782,3266.739,3085.327,2922.983,2775.889,2643.704,2523.536,4300.750,3993.900,3727.929,3495.120,3289.642,3106.955,2943.471,2795.367,2662.254,2541.243,4302.820,3995.828,3729.728,3496.804,3291.225,3108.449,2944.884,2796.707,2663.530,2542.461,4331.414,4022.377,3754.503,3520.028,3313.080,3129.087,2964.433,2815.294,2681.232,2559.358,4333.455,4024.267,3756.266,3521.679,3314.632,3130.550,2965.818,2816.607,2682.483,2560.552,4360.656,4049.522,3779.834,3543.771,3335.421,3150.182,2984.414,2834.289,2699.323
L/6/7,13,22,-1.000,3961.170,3697.092,3466.023,3262.140,3080.910,2918.757,2772.819,-1.000,-1.000,85.1,438.6,788.0,1093.3,1362.5,1602.3,1817.2,-100.1,-101.0,-100.1,90.6,452.3,804.3,1111.8,1382.9,1623.9,1840.8,-100.1,-100.1,-100.1,96.6,465.5,820.4,1130.3,1403.6,1646.6,1864.8,-100.1,-100.1,-100.1,4304.491,3997.028,3730.559,3497.399,3291.670,3108.799,2945.178,2797.919,2664.685,2543.563,4181.506,3889.000,3634.904,3412.097,3215.119,3039.715,2882.515,2740.819,2612.436,2495.571,4434.930,4111.228,3831.385,3587.076,3371.954,3181.097,3010.627,2857.450,2719.066,2593.437,4216.551,3915.740,3654.969,3426.712,3225.255,3046.143,2885.858,2740.603,2610.097,2491.457,4247.708,3944.668,3681.965,3452.019,3249.070,3068.632,2907.162,2760.856,2629.386,2509.869,4249.860,3946.673,3683.836,3453.771,3250.717,3070.186,2908.632,2762.251,2630.715,2511.137,4279.665,3974.346,3709.660,3477.978,3273.497,3091.699,2929.010,2781.625,2649.166,2528.750,4281.782,3976.316,3711.498,3479.700,3275.116,3093.225,2930.454,2782.996,2650.472,2529.996,4310.211,4002.712,3736.131,3502.790,3296.845,3113.744,2949.891,2801.476,2668.072
L/7/7,13,22,-1.000,3939.658,3677.014,3447.201,3244.424,3064.179,2902.906,2757.761,-1.000,-1.000,100.9,469.5,816.9,1120.5,1388.2,1626.5,1860.3,-100.1,-100.1,-100.1,107.6,482.7,832.7,1138.5,1408.1,1647.9,1869.6,-100.1,-100.1,-100.1,113.3,495.4,848.3,1156.6,1428.4,1670.1,1888.8,-100.1,-100.1,-100.1,4292.314,3985.720,3720.006,3487.505,3282.358,3100.005,2936.847,2790.004,2657.147,2536.367,4169.677,3877.998,3624.621,3402.444,3206.024,3031.116,2874.360,2733.065,2605.046,2488.511,4422.384,4099.598,3820.546,3576.929,3362.415,3172.098,3002.110,2849.366,2711.374,2586.100,4192.604,3893.515,3634.219,3407.256,3206.939,3028.843,2869.470,2725.025,2595.262,2477.295,4224.267,3922.913,3661.654,3432.973,3231.141,3051.698,2891.120,2745.606,2614.863,2496.006,4226.457,3924.950,3663.555,3434.754,3232.816,3053.278,2892.613,2747.025,2616.214,2497.295,4256.775,3953.100,3689.825,3459.379,3255.989,3075.161,2913.342,2766.733,2634.984,2515.212,4258.929,3955.105,3691.695,3461.131,3257.637,3076.715,2914.812,2768.128,2636.313,2516.480,4287.880,3981.985,3716.780,3484.644,3279.764,3097.611,2934.605,2786.948,2654.236
M/1/9,9,18,-1.000,5874.085,5340.078,4895.071,4518.527,4195.775,3916.057,3671.303,-1.000,-1.000,-100.1,-100.1,266.6,668.0,1008.6,1301.1,1555.3,1778.3,1967.5,-100.1,-100.1,-100.1,291.9,695.5,1037.7,1331.6,1586.9,1811.2,1984.1,-100.1,-100.1,-100.1,316.4,722.3,1066.9,1359.2,1619.0,1844.9,1997.4,-100.1,6411.134,5770.021,5245.473,4808.351,4438.478,4121.443,3846.681,3606.263,3394.130,3205.567,6173.685,5571.055,5076.265,4662.643,4311.664,4010.053,3748.048,3518.305,3315.197,3134.332,6667.580,5983.725,5426.352,4963.459,4572.977,4239.199,3950.645,3698.731,3476.914,3280.115,6470.804,5823.723,5294.680,4853.737,4480.512,4160.532,3883.171,3640.452,3426.272,3235.402,6506.341,5855.707,5323.750,4880.379,4505.100,4183.360,3904.473,3660.419,3445.062,3253.171,6508.770,5857.893,5325.759,4882.215,4506.788,4184.922,3905.927,3661.778,3446.342,3254.385,6542.226,5888.003,5353.127,4907.295,4529.934,4206.410,3925.979,3680.573,3464.029,3271.113,6544.573,5890.116,5355.067,4909.068,4531.565,4207.919,3927.382,3681.885,3465.266,3272.286,6575.920,5918.328,5380.709,4932.566,4553.251,4228.051,3946.168,3699.493,3481.837
M/2/9,9,18,-1.000,5855.316,5323.015,4879.430,4504.089,4182.369,3903.544,3659.573,-1.000,-1.000,-100.1,-100.1,284.4,684.7,1024.2,1315.8,1569.1,1791.4,-100.1,-100.1,-100.1,-100.1,309.4,711.7,1052.9,1345.9,1600.5,1823.9,-100.1,-100.1,-100.1,-100.1,333.6,738.2,1081.6,1375.6,1632.1,1857.1,-100.1,-100.1,6399.964,5759.968,5236.334,4799.973,4430.744,4114.263,3839.978,3599.980,3388.216,3199.982,6162.928,5561.348,5067.420,4654.519,4304.152,4003.066,3741.517,3512.175,3309.421,3128.871,6655.963,5973.300,5416.897,4954.811,4565.009,4231.813,3943.762,3692.287,3470.856,3274.400,6448.937,5804.043,5276.806,4837.349,4465.383,4146.482,3870.057,3628.157,3414.143,3224.468,6485.113,5836.602,5306.399,4864.470,4490.412,4169.720,3891.742,3648.483,3433.295,3242.556,6487.587,5838.828,5308.445,4866.339,4492.132,4171.311,3893.223,3649.867,3434.605,3243.793,6521.689,5869.520,5336.340,4891.904,4515.725,4193.215,3913.662,3669.026,3452.659,3260.844,6524.083,5871.674,5338.319,4893.712,4517.388,4194.754,3915.094,3670.364,3453.926,3262.041,6556.083,5900.475,5364.494,4917.699,4539.525,4215.305,3934.271,3688.340,3470.867
M/3/9,9,18,-1.000,5799.554,5272.322,4832.962,4461.195,4142.538,3866.369,3624.721,-1.000,-1.000,-100.1,-100.1,337.9,734.3,1070.4,1359.2,1610.2,1830.3,-100.1,-100.1,-100.1,-100.1,361.6,760.2,1098.1,1388.4,1640.6,1862.1,-100.1,-100.1,-100.1,-100.1,384.6,785.7,1125.7,1417.8,1671.6,1894.4,-100.1,-100.1,6366.876,5730.188,5209.262,4775.157,4407.837,4092.991,3820.125,3581.367,3370.699,3183.438,6131.065,5532.595,5041.221,4630.455,4281.899,3982.370,3722.173,3494.017,3292.310,3112.695,6621.551,5942.417,5388.892,4929.194,4541.408,4209.934,3923.372,3673.197,3452.911,3257.471,6384.107,5745.696,5223.815,4788.762,4420.526,4104.826,3831.176,3591.705,3379.821,3192.053,6422.094,5779.885,5254.889,4817.241,4446.809,4129.227,3853.947,3613.050,3399.932,3211.047,6424.696,5782.227,5257.038,4819.205,4448.617,4130.901,3855.504,3614.506,3401.310,3212.348,6460.631,5814.568,5286.433,4846.144,4473.479,4153.982,3877.043,3634.696,3420.334,3230.316,6463.159,5816.843,5288.519,4848.051,4475.234,4155.607,3878.555,3636.109,3421.672,3231.579,6497.013,5847.312,5316.211,4873.429,4498.654,4177.350,3898.845,3655.127,3439.595
M/4/9,9,18,-1.000,5740.650,5218.773,4783.875,4415.885,4100.464,3827.100,3587.906,-1.000,-1.000,-100.1,-100.1,393.3,785.6,1118.3,1404.2,1652.5,1870.5,-100.1,-100.1,-100.1,68.0,415.9,810.5,1145.1,1432.5,1682.2,1901.5,-100.1,-100.1,-100.1,79.3,437.7,834.9,1171.8,1461.1,1712.5,1932.4,-100.1,-100.1,6332.063,5698.856,5180.778,4749.047,4383.736,4070.612,3799.238,3561.785,3352.268,3166.031,6097.542,5502.344,5013.657,4605.136,4258.486,3960.595,3701.821,3474.912,3274.309,3095.675,6585.345,5909.925,5359.426,4902.242,4516.576,4186.915,3901.920,3653.113,3434.031,3239.660,6315.819,5684.237,5167.995,4737.582,4373.276,4060.946,3790.220,3553.308,3343.669,3157.910,6355.597,5720.037,5200.534,4767.403,4400.798,4086.499,3814.065,3575.659,3364.728,3177.798,6358.326,5722.702,5202.785,4769.461,4402.693,4088.253,3815.698,3577.187,3366.172,3179.163,6396.074,5756.674,5233.663,4797.760,4428.810,4112.501,3838.325,3598.396,3386.157,3198.037,6398.734,5759.081,5235.856,4799.765,4430.656,4114.210,3839.916,3599.884,3387.565,3199.367,6434.424,5791.199,5265.049,4826.520,4455.347,4137.133,3861.307,3619.935,3406.460
M/5/9,9,18,-1.000,5678.637,5162.397,4732.197,4368.182,4056.169,3785.758,3549.148,-1.000,-1.000,-100.1,84.5,450.9,839.0,1168.0,1450.8,1696.5,1912.0,-100.1,-100.1,-100.1,94.0,472.3,862.8,1193.8,1478.3,1725.4,1942.1,-100.1,-100.1,-100.1,117.8,493.0,886.2,1219.6,1506.0,1754.9,1960.6,-100.1,-100.1,6295.544,5665.990,5150.900,4721.658,4358.454,4047.135,3777.326,3541.244,3332.935,3147.772,6062.376,5470.611,4984.742,4578.578,4233.926,3937.753,3680.472,3454.872,3255.425,3077.822,6547.366,5875.841,5328.517,4873.970,4490.528,4162.768,3879.416,3632.045,3414.226,3220.976,6244.110,5619.932,5109.377,4683.836,4323.657,4014.868,3747.211,3512.986,3305.705,3122.055,6285.657,5657.322,5143.363,4714.984,4352.404,4041.557,3772.117,3536.332,3327.701,3142.828,6288.511,5659.902,5145.714,4717.135,4354.385,4043.392,3773.825,3537.930,3329.212,3144.256,6328.053,5695.487,5178.059,4746.778,4381.743,4068.792,3797.528,3560.148,3350.146,3164.027,6330.844,5698.025,5180.357,4748.880,4383.679,4070.584,3799.197,3561.712,3351.623,3165.422,6368.350,5731.778,5211.036,4776.996,4409.626,4094.675,3821.678,3582.784,3371.479
M/6/9,9,18,-1.000,5613.548,5103.225,4677.957,4318.114,4009.677,3742.365,3508.467,-1.000,-1.000,-100.1,127.2,513.7,896.3,1216.2,1499.4,1745.5,1958.7,-100.1,-100.1,-100.1,127.3,534.0,918.3,1246.5,1526.1,1773.7,1975.5,-100.1,-100.1,-100.1,141.6,553.7,940.5,1270.1,1553.2,1802.4,1984.2,-100.1,-100.1,6257.340,5631.606,5119.642,4693.005,4332.004,4022.576,3754.404,3519.754,3312.709,3128.670,6025.586,5437.412,4954.492,4550.793,4208.233,3913.857,3658.137,3433.906,3235.670,3059.144,6507.633,5840.184,5296.181,4844.392,4463.277,4137.506,3855.874,3610.004,3393.507,3201.430,6169.019,5552.403,5047.995,4627.555,4271.696,3966.615,3702.172,3470.761,3265.951,3084.510,6212.312,5591.363,5083.408,4660.012,4301.652,3994.426,3728.126,3495.089,3288.871,3106.156,6215.290,5594.043,5085.860,4662.254,4303.719,3996.341,3729.908,3496.759,3290.448,3107.645,6256.604,5631.223,5119.653,4693.226,4332.303,4022.879,3754.674,3519.974,3312.320,3128.302,6259.524,5633.866,5122.056,4695.424,4334.327,4024.755,3756.420,3521.613,3313.866,3129.762,6298.826,5669.235,5154.203,4724.887,4361.518,4049.999,3779.978,3543.695,3334.673
M/7/9,9,18,-1.000,5545.418,5041.289,4621.182,4265.706,3961.013,3696.945,3465.886,-1.000,-1.000,-100.1,130.8,580.4,959.2,1267.6,1556.4,1796.7,1983.6,-100.1,-100.1,-100.1,143.3,599.4,981.0,1297.5,1582.1,1823.9,1997.2,-100.1,-100.1,-100.1,181.2,617.9,1002.4,1325.3,1608.2,1851.9,2003.4,-100.1,-100.1,6217.470,5595.723,5087.021,4663.103,4304.403,3996.945,3730.482,3497.327,3291.602,3108.735,5987.194,5402.767,4922.924,4521.797,4181.420,3888.920,3634.829,3412.026,3215.053,3039.652,6466.169,5802.972,5262.436,4813.525,4434.839,4111.144,3831.306,3587.002,3371.885,3181.031,6090.587,5481.819,4983.880,4568.769,4217.422,3916.214,3655.129,3426.660,3224.428,3045.293,6135.603,5522.331,5020.702,4602.518,4248.570,3945.133,3682.116,3451.958,3248.260,3067.801,6138.703,5525.135,5023.252,4604.851,4250.721,3947.125,3683.971,3453.697,3249.902,3069.352,6181.766,5563.889,5058.476,4637.134,4280.516,3974.788,3709.786,3477.896,3272.700,3090.883,6184.814,5566.674,5060.982,4639.427,4282.629,3976.745,3711.609,3479.607,3274.313,3092.407,6225.891,5603.639,5094.580,4670.220,4311.048,4003.130,3736.231,3502.688,3296.060
M/8/9,9,18,-1.000,5474.285,4976.623,4561.904,4210.988,3910.203,3649.523,3421.428,-1.000,-1.000,-100.1,197.1,644.6,1018.4,1335.7,1608.3,1845.3,-100.1,-100.1,-100.1,-100.1,211.8,662.5,1039.2,1357.9,1632.9,1871.9,-100.1,-100.1,-100.1,-100.1,225.4,680.0,1059.8,1376.6,1658.3,1899.0,-100.1,-100.1,-100.1,6175.957,5558.362,5053.056,4631.968,4275.663,3970.258,3705.574,3473.976,3269.625,3087.979,5947.218,5366.694,4890.054,4491.605,4153.501,3862.954,3610.560,3389.245,3193.587,3019.357,6422.996,5764.227,5227.299,4781.386,4405.228,4083.694,3805.725,3563.052,3349.371,3159.792,6008.855,5408.339,4917.061,4507.507,4160.867,3863.692,3606.106,3379.981,3181.159,3004.428,6055.570,5450.378,4955.273,4542.528,4193.190,3893.702,3634.112,3406.258,3205.890,3027.785,6058.791,5453.293,4957.920,4544.951,4195.423,3895.772,3636.040,3408.070,3207.595,3029.395,6103.580,5493.600,4994.556,4578.528,4226.413,3924.543,3662.890,3433.264,3231.307,3051.790,6106.754,5496.470,4997.163,4580.915,4228.611,3926.581,3664.788,3435.049,3232.987,3053.377,6149.583,5535.012,5032.195,4613.021,4258.243,3954.092,3690.461,3459.141,3255.662
M/9/9,9,18,-1.000,5442.889,4948.081,4535.741,4186.838,3887.778,3628.593,3401.806,-1.000,-1.000,-100.1,227.5,672.4,1044.2,1359.7,1630.8,1866.5,-100.1,-100.1,-100.1,-100.1,241.6,690.0,1064.4,1382.2,1655.2,1892.6,-100.1,-100.1,-100.1,-100.1,254.9,707.0,1084.7,1397.9,1680.0,1919.3,-100.1,-100.1,-100.1,6157.669,5541.902,5038.092,4618.251,4263.001,3958.501,3694.601,3463.689,3259.942,3078.834,5929.607,5350.802,4875.573,4478.304,4141.201,3851.515,3599.868,3379.208,3184.130,3010.416,6403.975,5747.157,5211.820,4767.227,4392.183,4071.601,3794.455,3552.501,3339.453,3150.435,5973.359,5376.172,4887.494,4480.156,4135.428,3839.917,3583.792,3360.014,3162.367,2986.679,6020.798,5418.861,4926.293,4515.715,4168.245,3870.385,3612.224,3386.699,3187.481,3010.399,6024.070,5421.810,4928.969,4518.162,4170.499,3872.473,3614.169,3388.540,3189.214,3012.035,6069.596,5462.777,4966.203,4552.286,4201.992,3901.711,3641.453,3414.148,3213.316,3034.798,6072.824,5465.684,4968.841,4554.698,4204.217,3903.768,3643.368,3415.963,3215.024,3036.412,6116.401,5504.897,5004.480,4587.360,4234.360,3931.753,3669.483,3440.476,3238.095
